ASV_5584,KY278394.1,96.838,253,8,0,1,253,1,253,1.81e-113,424
ASV_5584,KC852530.1,96.861,223,7,0,31,253,1,223,1.85e-98,374
ASV_5584,KP551948.1,92.490,253,19,0,1,253,1,253,4.00e-95,363
ASV_5584,KY279834.1,91.304,253,22,0,1,253,1,253,4.03e-90,346
ASV_5584,GQ215188.1,91.304,253,22,0,1,253,544,796,4.03e-90,346
ASV_5584,MF498366.1,90.625,256,18,6,1,253,496,748,8.72e-87,335
ASV_5584,HM798895.1,89.723,253,26,0,1,253,500,752,1.89e-83,324
ASV_5584,KX602819.1,100.000,173,0,0,1,173,178,350,2.44e-82,320
ASV_5584,KF185535.1,89.062,256,22,6,1,253,457,709,4.09e-80,313
ASV_5584,MW302902.1,89.062,256,22,6,1,253,2,254,4.09e-80,313
ASV_5664,GQ351238.1,86.614,254,32,2,1,253,527,779,4.15e-70,279
ASV_5664,LC213221.1,85.098,255,34,4,1,253,516,768,1.94e-63,257
ASV_5664,LC238876.1,84.524,252,37,2,1,251,178,428,1.17e-60,248
ASV_5664,EU802835.1,83.794,253,41,0,1,253,522,774,1.96e-58,241
ASV_5664,EU802728.1,83.794,253,41,0,1,253,520,772,1.96e-58,241
ASV_5664,DQ421681.1,84.047,257,33,8,1,253,467,719,1.96e-58,241
ASV_5664,MN890559.1,84.252,254,31,9,1,249,1,250,7.04e-58,239
ASV_5664,LC245637.1,83.665,251,41,0,1,251,178,428,2.53e-57,237
ASV_5664,LC237679.1,83.665,251,41,0,1,251,178,428,2.53e-57,237
ASV_5664,AB947798.1,83.665,251,41,0,2,252,1,251,2.53e-57,237
ASV_5671,KP097655.1,88.933,253,28,0,1,253,144,396,4.09e-80,313
ASV_5671,KU676571.1,88.933,253,26,2,2,253,1,252,1.47e-79,311
ASV_5671,KT911417.1,88.235,255,26,3,1,253,1,253,8.85e-77,302
ASV_5671,KY281281.1,87.402,254,30,2,1,253,1,253,1.92e-73,291
ASV_5671,DQ072937.2,87.451,255,29,3,1,253,371,624,1.92e-73,291
ASV_5671,KT979780.1,87.402,254,30,2,1,253,177,429,1.92e-73,291
ASV_5671,KT257795.1,87.352,253,32,0,1,253,522,774,1.92e-73,291
ASV_5671,KP304379.1,87.402,254,30,2,1,253,300,552,1.92e-73,291
ASV_5671,OW936475.1,87.008,254,31,2,1,253,275,23,8.91e-72,285
ASV_5671,OW748459.1,86.957,253,33,0,1,253,1,253,8.91e-72,285
ASV_5683,KJ615847.1,86.000,250,35,0,1,250,172,421,8.98e-67,268
ASV_5683,GU118361.1,86.000,250,33,2,1,250,538,785,3.23e-66,267
ASV_5683,KY253994.1,84.980,253,38,0,1,253,1,253,1.94e-63,257
ASV_5683,MG002222.1,84.400,250,39,0,1,250,121,370,4.21e-60,246
ASV_5683,KP174134.1,84.400,250,39,0,1,250,16,265,4.21e-60,246
ASV_5683,OW747072.1,84.462,251,37,2,1,250,1,250,4.21e-60,246
ASV_5683,AB560122.1,84.000,250,40,0,1,250,526,775,1.96e-58,241
ASV_5683,MG002373.1,83.600,250,41,0,1,250,526,775,9.10e-57,235
ASV_5683,HQ174909.1,83.399,253,42,0,1,253,371,623,9.10e-57,235
ASV_5683,OW747073.1,83.200,250,42,0,1,250,1,250,4.24e-55,230
ASV_5729,GQ215214.1,98.419,253,4,0,1,253,458,710,3.86e-120,446
ASV_5729,GQ215206.1,98.419,253,4,0,1,253,456,708,3.86e-120,446
ASV_5729,GU471915.1,96.838,253,7,1,1,253,493,744,6.51e-113,422
ASV_5729,GU471921.1,96.443,253,9,0,1,253,498,750,8.42e-112,418
ASV_5729,GU471913.1,96.047,253,9,1,1,253,489,740,1.41e-109,411
ASV_5729,KU119082.1,90.551,254,22,2,1,253,1,253,8.72e-87,335
ASV_5729,GU118176.1,90.514,253,22,2,1,253,499,749,3.14e-86,333
ASV_5729,KX627634.1,90.400,250,24,0,1,250,168,417,4.06e-85,329
ASV_5729,OW749979.1,90.119,253,25,0,1,253,1,253,4.06e-85,329
ASV_5729,OW538341.1,90.119,253,25,0,1,253,1,253,4.06e-85,329
ASV_5747,FJ952686.1,90.514,253,24,0,1,253,515,767,8.72e-87,335
ASV_5747,EU383048.1,90.514,253,24,0,1,253,102,354,8.72e-87,335
ASV_5747,JX455396.1,90.476,252,24,0,2,253,459,710,3.14e-86,333
ASV_5747,JX455393.1,90.476,252,24,0,2,253,459,710,3.14e-86,333
ASV_5747,OW750113.1,90.119,253,25,0,1,253,1,253,4.06e-85,329
ASV_5747,JX455408.1,90.079,252,25,0,2,253,458,709,1.46e-84,327
ASV_5747,JX455398.1,90.079,252,25,0,2,253,459,710,1.46e-84,327
ASV_5747,KX173158.1,89.328,253,27,0,1,253,482,734,8.79e-82,318
ASV_5747,OW761321.1,89.328,253,27,0,1,253,1,253,8.79e-82,318
ASV_5747,OW537399.1,89.328,253,27,0,1,253,1,253,8.79e-82,318
ASV_5771,KY280585.1,100.000,253,0,0,1,253,1,253,8.24e-127,468
ASV_5771,LT721777.1,98.016,252,5,0,1,252,189,440,6.46e-118,438
ASV_5771,AB116483.1,97.628,253,6,0,1,253,25,277,8.36e-117,435
ASV_5771,MN891030.1,97.200,250,7,0,1,250,1,250,1.81e-113,424
ASV_5771,AB573113.1,96.838,253,8,0,1,253,191,443,1.81e-113,424
ASV_5771,AB424880.1,96.443,253,9,0,1,253,1,253,8.42e-112,418
ASV_5771,MN890455.1,96.400,250,9,0,1,250,1,250,3.92e-110,412
ASV_5771,AJ575942.1,96.047,253,10,0,1,253,466,718,3.92e-110,412
ASV_5771,FJ223351.1,95.257,253,12,0,1,253,518,770,8.48e-107,401
ASV_5771,AJ575952.1,95.257,253,11,1,1,253,518,769,3.05e-106,399
ASV_5823,EF444685.1,98.419,253,4,0,1,253,174,426,3.86e-120,446
ASV_5823,MH386003.1,95.652,253,11,0,1,253,20,272,1.82e-108,407
ASV_5823,KC511851.1,95.635,252,11,0,2,253,193,444,6.56e-108,405
ASV_5823,JX194444.1,95.600,250,11,0,4,253,1,250,8.48e-107,401
ASV_5823,KC511927.1,95.238,252,12,0,2,253,193,444,3.05e-106,399
ASV_5823,AB213170.1,91.498,247,21,0,7,253,1,247,1.88e-88,340
ASV_5823,AB213165.1,91.463,246,21,0,8,253,1,246,6.74e-88,339
ASV_5823,AB461979.1,90.476,252,24,0,2,253,2,253,3.14e-86,333
ASV_5823,AB213111.1,90.361,249,24,0,5,253,1,249,1.46e-84,327
ASV_5823,DQ490006.1,86.614,254,32,2,1,253,456,708,4.15e-70,279
ASV_5895,KY281613.1,98.024,253,5,0,1,253,1,253,1.80e-118,440
ASV_5895,MT464601.1,96.838,253,8,0,1,253,178,430,1.81e-113,424
ASV_5895,KY280013.1,96.443,253,9,0,1,253,1,253,8.42e-112,418
ASV_5895,KY279779.1,96.047,253,10,0,1,253,1,253,3.92e-110,412
ASV_5895,KR854430.1,96.047,253,10,0,1,253,1,253,3.92e-110,412
ASV_5895,KT974974.1,94.862,253,13,0,1,253,178,430,3.95e-105,396
ASV_5895,KY280383.1,94.466,253,14,0,1,253,1,253,1.84e-103,390
ASV_5895,MN890522.1,94.400,250,14,0,1,250,1,250,8.54e-102,385
ASV_5895,MN890875.1,93.600,250,16,0,1,250,1,250,1.85e-98,374
ASV_5895,MF368420.1,92.885,253,18,0,1,253,1,253,8.60e-97,368
ASV_5904,KU340603.1,88.492,252,29,0,1,252,1,252,6.81e-78,305
ASV_5904,FJ905677.1,88.492,252,29,0,1,252,472,723,6.81e-78,305
ASV_5904,AB355761.1,88.492,252,29,0,1,252,173,424,6.81e-78,305
ASV_5904,PQ495170.1,88.142,253,28,2,1,252,1,252,3.17e-76,300
ASV_5904,KY278636.1,88.095,252,30,0,1,252,1,252,3.17e-76,300
ASV_5904,MG876123.1,88.095,252,30,0,1,252,173,424,3.17e-76,300
ASV_5904,KY648789.1,88.095,252,30,0,1,252,1,252,3.17e-76,300
ASV_5904,KY003140.1,88.142,253,28,2,1,252,520,771,3.17e-76,300
ASV_5904,HG991673.1,88.095,252,30,0,1,252,1,252,3.17e-76,300
ASV_5904,KX936706.1,88.095,252,30,0,1,252,521,772,3.17e-76,300
ASV_5938,KY277497.1,99.605,253,1,0,1,253,1,253,3.84e-125,462
ASV_5938,FJ205381.1,90.119,253,25,0,1,253,507,759,4.06e-85,329
ASV_5938,KU328859.1,89.328,253,27,0,1,253,1,253,8.79e-82,318
ASV_5938,KU329370.1,89.879,247,23,2,8,253,8,253,3.16e-81,316
ASV_5938,KP908278.1,88.933,253,28,0,1,253,1,253,4.09e-80,313
ASV_5938,MH526698.1,88.583,254,27,2,1,253,176,428,1.90e-78,307
ASV_5938,KY278576.1,88.583,254,27,2,1,253,1,253,1.90e-78,307
ASV_5938,KT284072.1,88.627,255,25,4,1,253,535,787,1.90e-78,307
ASV_5938,FJ717265.1,88.583,254,27,2,1,253,533,785,1.90e-78,307
ASV_5938,PQ551768.1,88.142,253,30,0,1,253,1,253,8.85e-77,302
ASV_5969,MH386498.1,89.723,253,26,0,1,253,20,272,1.89e-83,324
ASV_5969,AY327226.1,89.804,255,22,4,1,253,515,767,1.89e-83,324
ASV_5969,KU110396.1,89.683,252,26,0,2,253,2,253,6.79e-83,322
ASV_5969,OZ253494.1,89.370,254,25,2,1,253,795041,794789,8.79e-82,318
ASV_5969,GU326419.1,89.328,253,27,0,1,253,470,722,8.79e-82,318
ASV_5969,OZ241995.1,88.933,253,28,0,1,253,288022,288274,4.09e-80,313
ASV_5969,KU339625.1,88.976,254,26,2,1,253,1,253,4.09e-80,313
ASV_5969,OW747298.1,88.976,254,26,2,1,253,1,253,4.09e-80,313
ASV_5969,KU328133.1,88.583,254,27,2,1,253,1,253,1.90e-78,307
ASV_5969,KU371090.1,88.583,254,27,2,1,253,445,697,1.90e-78,307
ASV_5999,KP989475.1,97.233,253,7,0,1,253,14,266,3.89e-115,429
ASV_5999,KU578580.1,85.433,254,35,2,1,253,474,726,4.18e-65,263
ASV_5999,KP551357.1,81.081,111,19,2,141,250,141,250,2.70e-12,87.9
ASV_5999,KP471374.1,81.081,111,19,2,141,250,141,250,2.70e-12,87.9
ASV_5999,KP604678.1,87.013,77,6,4,176,250,176,250,3.49e-11,84.2
ASV_5999,KP561296.1,79.167,120,25,0,131,250,131,250,3.49e-11,84.2
ASV_5999,KP513964.1,86.667,75,10,0,176,250,176,250,3.49e-11,84.2
ASV_5999,KP478657.1,86.667,75,10,0,176,250,176,250,3.49e-11,84.2
ASV_5999,KP471531.1,86.667,75,10,0,176,250,176,250,3.49e-11,84.2
ASV_5999,KX952925.1,75.940,133,32,0,118,250,636,768,4.51e-10,80.5
ASV_6023,OZ253446.1,93.676,253,16,0,1,253,902591,902843,3.97e-100,379
ASV_6023,AM495239.1,89.683,252,26,0,1,252,176,427,6.79e-83,322
ASV_6023,PP884317.1,84.706,255,35,4,1,253,178,430,9.04e-62,252
ASV_6023,KM356403.1,83.984,256,35,6,1,253,511,763,1.96e-58,241
ASV_6023,JQ375855.2,83.922,255,37,4,1,253,512,764,1.96e-58,241
ASV_6023,FJ215405.1,83.465,254,40,2,1,253,525,777,9.10e-57,235
ASV_6023,FJ215400.1,83.465,254,40,2,1,253,525,777,9.10e-57,235
ASV_6023,KX179059.1,83.399,253,40,2,2,253,1,252,3.27e-56,233
ASV_6023,EF092219.1,83.071,254,41,2,1,253,508,760,4.24e-55,230
ASV_6023,PX922207.1,82.937,252,43,0,2,253,505,756,1.52e-54,228
ASV_6053,OZ253574.1,90.119,253,25,0,1,253,2408503,2408251,4.06e-85,329
ASV_6053,KY897224.1,87.008,254,31,2,1,253,20,272,8.91e-72,285
ASV_6053,KU332536.1,87.008,254,31,2,1,253,1,253,8.91e-72,285
ASV_6053,KT434745.1,87.008,254,31,2,1,253,1,253,8.91e-72,285
ASV_6053,GU326411.1,87.008,254,31,2,1,253,444,696,8.91e-72,285
ASV_6053,GU118906.1,87.109,256,27,6,1,253,475,727,8.91e-72,285
ASV_6053,KP469961.1,86.561,253,34,0,1,253,1,253,4.15e-70,279
ASV_6053,MF691400.1,86.454,251,32,2,1,250,154,403,1.93e-68,274
ASV_6053,MF551644.1,86.454,251,32,2,1,250,1,250,1.93e-68,274
ASV_6053,MT775254.1,86.166,253,35,0,1,253,176,428,1.93e-68,274
ASV_6148,KJ615847.1,86.800,250,33,0,1,250,172,421,4.15e-70,279
ASV_6148,KY253994.1,86.328,256,29,5,1,253,1,253,1.93e-68,274
ASV_6148,MG638260.1,84.980,253,32,6,1,250,1,250,9.04e-62,252
ASV_6148,JN530689.1,84.921,252,32,6,2,250,529,777,3.25e-61,250
ASV_6148,AB826935.1,84.524,252,33,6,2,250,5,253,1.51e-59,244
ASV_6148,AB448902.1,84.836,244,33,4,9,250,525,766,5.44e-59,243
ASV_6148,JQ580294.1,84.190,253,34,6,1,250,541,790,1.96e-58,241
ASV_6148,MT067279.1,84.127,252,34,6,2,250,21,269,7.04e-58,239
ASV_6148,MG638189.1,84.190,253,32,8,2,250,2,250,7.04e-58,239
ASV_6148,MW328146.1,84.127,252,34,6,2,250,3,251,7.04e-58,239
ASV_6152,GU326820.1,96.443,253,9,0,1,253,487,739,8.42e-112,418
ASV_6152,GU326490.1,96.047,253,10,0,1,253,484,736,3.92e-110,412
ASV_6152,KT974950.1,95.652,253,10,1,1,253,177,428,6.56e-108,405
ASV_6152,KT977927.1,95.257,253,12,0,1,253,177,429,8.48e-107,401
ASV_6152,KC511850.1,92.490,253,19,0,1,253,190,442,4.00e-95,363
ASV_6152,GU326802.1,92.490,253,19,0,1,253,486,738,4.00e-95,363
ASV_6152,FJ905663.1,91.700,253,21,0,1,253,477,729,8.66e-92,351
ASV_6152,KJ615995.1,90.514,253,24,0,1,253,177,429,8.72e-87,335
ASV_6152,HQ330656.1,90.514,253,24,0,1,253,489,741,8.72e-87,335
ASV_6152,KP518192.1,90.119,253,25,0,1,253,1,253,4.06e-85,329
ASV_6169,MF455051.1,90.476,252,24,0,1,252,172,423,3.12e-86,333
ASV_6169,KR848371.1,90.551,254,20,4,1,252,1,252,3.12e-86,333
ASV_6169,KU112005.1,90.476,252,24,0,1,252,1,252,3.12e-86,333
ASV_6169,KY693338.1,90.119,253,23,2,1,252,188,439,1.45e-84,327
ASV_6169,KR839293.1,90.119,253,23,2,1,252,1,252,1.45e-84,327
ASV_6169,KY227310.1,89.286,252,23,3,1,250,1,250,4.07e-80,313
ASV_6169,KR851352.1,88.538,253,27,2,1,252,1,252,6.81e-78,305
ASV_6169,KU118947.1,88.538,253,27,2,1,252,1,252,6.81e-78,305
ASV_6169,KY956188.1,88.446,251,27,2,1,250,1,250,8.81e-77,302
ASV_6169,KY955062.1,87.795,254,23,8,1,250,1,250,1.91e-73,291
ASV_6198,AB645303.1,81.783,258,40,6,1,256,485,737,5.59e-49,209
ASV_6198,AB453925.1,81.712,257,40,6,2,256,1,252,2.01e-48,207
ASV_6198,OZ245054.1,81.395,258,43,5,1,256,798222,798476,7.24e-48,206
ASV_6198,KT976935.1,81.609,261,37,9,1,256,177,431,7.24e-48,206
ASV_6198,KY257343.1,81.467,259,39,8,1,256,1,253,2.60e-47,204
ASV_6198,ON511299.1,80.620,258,43,6,1,256,177,429,5.63e-44,193
ASV_6198,ON511287.1,80.620,258,43,6,1,256,177,429,5.63e-44,193
ASV_6198,ON511278.1,80.620,258,43,6,1,256,177,429,5.63e-44,193
ASV_6198,AY605168.1,80.709,254,42,6,1,252,527,775,2.03e-43,191
ASV_6198,KC901718.1,80.385,260,40,11,1,256,511,763,2.62e-42,187
ASV_6227,OZ244188.1,88.189,254,28,2,1,253,1002495,1002243,8.85e-77,302
ASV_6227,JN596609.1,87.747,253,31,0,1,253,497,749,4.12e-75,296
ASV_6227,EU236295.1,87.843,255,27,4,1,253,451,703,4.12e-75,296
ASV_6227,KF373196.1,87.402,254,30,2,1,253,320,572,1.92e-73,291
ASV_6227,KF373167.1,87.402,254,30,2,1,253,331,583,1.92e-73,291
ASV_6227,OZ253454.1,86.957,253,33,0,1,253,163006,163258,8.91e-72,285
ASV_6227,KF373209.1,86.957,253,33,0,1,253,310,562,8.91e-72,285
ASV_6227,KF373207.1,86.957,253,33,0,1,253,313,565,8.91e-72,285
ASV_6227,KF373202.1,86.957,253,33,0,1,253,349,601,8.91e-72,285
ASV_6227,KF373200.1,86.957,253,33,0,1,253,355,607,8.91e-72,285
ASV_6248,JN801121.1,94.862,253,13,0,1,253,500,752,3.95e-105,396
ASV_6248,KT978141.1,92.885,253,18,0,1,253,178,430,8.60e-97,368
ASV_6248,KX097117.1,92.885,253,18,0,1,253,535,787,8.60e-97,368
ASV_6248,KM071694.1,92.885,253,18,0,1,253,536,788,8.60e-97,368
ASV_6248,JN837757.1,92.885,253,18,0,1,253,120,372,8.60e-97,368
ASV_6248,AF328213.1,92.913,254,16,2,1,253,20,272,8.60e-97,368
ASV_6248,KM203559.1,92.490,253,19,0,1,253,332,584,4.00e-95,363
ASV_6248,AB722110.1,92.460,252,19,0,2,253,534,785,1.44e-94,361
ASV_6248,KY977766.1,92.095,253,20,0,1,253,179,431,1.86e-93,357
ASV_6248,LC139557.1,92.095,253,20,0,1,253,20,272,1.86e-93,357
ASV_6299,KY518372.1,88.933,253,28,0,1,253,176,428,4.09e-80,313
ASV_6299,KY260054.1,88.933,253,28,0,1,253,1,253,4.09e-80,313
ASV_6299,KY254171.1,88.538,253,29,0,1,253,1,253,1.90e-78,307
ASV_6299,KT433988.1,88.538,253,29,0,1,253,1,253,1.90e-78,307
ASV_6299,AB701833.1,88.538,253,29,0,1,253,4,256,1.90e-78,307
ASV_6299,KY279947.1,88.142,253,30,0,1,253,1,253,8.85e-77,302
ASV_6299,KX173269.1,88.235,255,26,4,1,253,515,767,8.85e-77,302
ASV_6299,JQ278812.1,88.189,254,29,1,1,253,535,788,8.85e-77,302
ASV_6299,MF368389.1,87.747,253,31,0,1,253,1,253,4.12e-75,296
ASV_6299,MF367271.1,87.352,253,32,0,1,253,1,253,1.92e-73,291
ASV_6306,JN451122.1,76.471,255,56,4,1,253,403,655,9.50e-27,135
ASV_6306,PQ485565.1,76.378,254,54,6,2,252,1,251,1.23e-25,132
ASV_6306,OW756796.1,76.448,259,49,11,1,253,1,253,4.42e-25,130
ASV_6306,OW761783.1,75.969,258,52,7,1,253,1,253,2.06e-23,124
ASV_6306,KF076106.1,75.686,255,58,4,1,253,496,748,2.06e-23,124
ASV_6306,JX529791.1,75.686,255,58,4,1,253,482,734,2.06e-23,124
ASV_6306,JX000939.1,75.875,257,54,8,1,253,501,753,2.06e-23,124
ASV_6306,JN488485.1,75.686,255,58,4,1,253,505,757,2.06e-23,124
ASV_6306,JN465748.1,75.686,255,58,4,1,253,505,757,2.06e-23,124
ASV_6306,JF149300.1,75.781,256,56,6,1,253,496,748,2.06e-23,124
ASV_6344,KU878561.1,92.490,253,19,0,1,253,515,767,4.00e-95,363
ASV_6344,KY281241.1,86.957,253,32,1,1,253,1,252,3.21e-71,283
ASV_6344,EU474482.1,85.375,253,37,0,1,253,443,695,4.18e-65,263
ASV_6344,EU474466.1,85.375,253,37,0,1,253,512,764,4.18e-65,263
ASV_6344,MF774367.1,85.375,253,36,1,1,253,392,643,1.50e-64,261
ASV_6344,KU105583.1,85.375,253,36,1,1,253,1,252,1.50e-64,261
ASV_6344,KM978330.1,85.375,253,36,1,1,253,519,770,1.50e-64,261
ASV_6344,KM978318.1,85.375,253,36,1,1,253,519,770,1.50e-64,261
ASV_6344,GQ134133.1,85.600,250,33,2,1,249,541,788,5.40e-64,259
ASV_6344,GQ133767.1,85.600,250,33,2,1,249,541,788,5.40e-64,259
ASV_6392,OW752370.1,98.419,253,4,0,1,253,1,253,3.86e-120,446
ASV_6392,MF015628.1,96.063,254,8,2,1,253,20,272,3.92e-110,412
ASV_6392,KP949571.1,96.063,254,8,2,1,253,197,449,3.92e-110,412
ASV_6392,KU152600.1,95.669,254,9,2,1,253,4,256,1.82e-108,407
ASV_6392,KR844810.1,95.669,254,9,2,1,253,1,253,1.82e-108,407
ASV_6392,OW752372.1,95.652,253,11,0,1,253,1,253,1.82e-108,407
ASV_6392,MZ973927.1,95.669,254,9,2,1,253,1,253,1.82e-108,407
ASV_6392,KT915807.1,95.276,254,10,2,1,253,1,253,8.48e-107,401
ASV_6392,KY954190.1,95.219,251,10,2,1,250,1,250,3.95e-105,396
ASV_6392,LR652099.1,93.701,254,14,2,1,253,520,772,3.97e-100,379
ASV_6414,KJ734905.1,89.723,253,26,0,1,253,489,741,1.89e-83,324
ASV_6414,OW751008.1,89.328,253,27,0,1,253,1,253,8.79e-82,318
ASV_6414,OW538366.1,89.328,253,27,0,1,253,1,253,8.79e-82,318
ASV_6414,KX704268.1,89.020,255,24,4,1,253,1,253,4.09e-80,313
ASV_6414,KU106062.1,88.933,253,28,0,1,253,1,253,4.09e-80,313
ASV_6414,MG007443.1,88.538,253,29,0,1,253,20,272,1.90e-78,307
ASV_6414,KU969848.1,88.235,255,26,4,1,253,1,253,8.85e-77,302
ASV_6414,KU108129.1,88.235,255,26,4,1,253,1,253,8.85e-77,302
ASV_6414,OW751025.1,88.142,253,30,0,1,253,1,253,8.85e-77,302
ASV_6414,KY957891.1,88.400,250,29,0,1,250,1,250,8.85e-77,302
ASV_6457,CP038452.1,98.980,196,2,0,1,196,466220,466025,6.42e-92,351
ASV_6457,CP102606.1,98.980,196,2,0,1,196,1573538,1573343,6.42e-92,351
ASV_6457,AP046153.1,98.980,196,2,0,1,196,1086427,1086232,6.42e-92,351
ASV_6457,AP046152.1,98.980,196,2,0,1,196,1086426,1086231,6.42e-92,351
ASV_6457,CP001962.1,98.980,196,2,0,1,196,1067937,1067742,6.42e-92,351
ASV_6510,OZ244188.1,96.047,253,10,0,1,253,1002495,1002243,3.92e-110,412
ASV_6510,OZ253454.1,95.257,253,12,0,1,253,163006,163258,8.48e-107,401
ASV_6510,JQ062634.1,94.071,253,15,0,1,253,474,726,8.54e-102,385
ASV_6510,KF373196.1,93.676,253,16,0,1,253,320,572,3.97e-100,379
ASV_6510,KF373167.1,93.676,253,16,0,1,253,331,583,3.97e-100,379
ASV_6510,KF373209.1,92.885,253,18,0,1,253,310,562,8.60e-97,368
ASV_6510,KF373207.1,92.885,253,18,0,1,253,313,565,8.60e-97,368
ASV_6510,KF373202.1,92.885,253,18,0,1,253,349,601,8.60e-97,368
ASV_6510,KF373200.1,92.885,253,18,0,1,253,355,607,8.60e-97,368
ASV_6510,KF373194.1,92.885,253,18,0,1,253,344,596,8.60e-97,368
ASV_6559,JN838967.1,94.841,252,13,0,2,253,121,372,1.42e-104,394
ASV_6559,KU968427.1,92.857,252,18,0,2,253,2,253,3.09e-96,366
ASV_6559,LN522712.1,92.490,253,19,0,1,253,178,430,4.00e-95,363
ASV_6559,MH526882.1,92.460,252,19,0,2,253,177,428,1.44e-94,361
ASV_6559,KU332587.1,92.460,252,19,0,2,253,2,253,1.44e-94,361
ASV_6559,KU331571.1,92.460,252,19,0,2,253,2,253,1.44e-94,361
ASV_6559,LN517066.1,92.460,252,19,0,2,253,177,428,1.44e-94,361
ASV_6559,LN531053.1,92.460,252,19,0,2,253,177,428,1.44e-94,361
ASV_6559,HG989157.1,92.460,252,19,0,2,253,2,253,1.44e-94,361
ASV_6559,JX193184.1,92.460,252,19,0,2,253,21,272,1.44e-94,361
ASV_6588,GU971266.1,92.885,253,18,0,1,253,449,701,8.60e-97,368
ASV_6588,GU971265.1,92.885,253,18,0,1,253,449,701,8.60e-97,368
ASV_6588,GU971264.1,92.885,253,18,0,1,253,450,702,8.60e-97,368
ASV_6588,GU971263.1,92.885,253,18,0,1,253,449,701,8.60e-97,368
ASV_6588,GU971262.1,92.885,253,18,0,1,253,449,701,8.60e-97,368
ASV_6588,GU971261.1,92.885,253,18,0,1,253,450,702,8.60e-97,368
ASV_6588,GU971260.1,92.885,253,18,0,1,253,449,701,8.60e-97,368
ASV_6588,GU971257.1,92.885,253,18,0,1,253,449,701,8.60e-97,368
ASV_6588,GU971256.1,92.885,253,18,0,1,253,449,701,8.60e-97,368
ASV_6588,GU971254.1,92.885,253,18,0,1,253,449,701,8.60e-97,368
ASV_6596,MW302983.1,91.700,253,21,0,1,253,2,254,8.66e-92,351
ASV_6596,OW762149.1,91.304,253,22,0,1,253,1,253,4.03e-90,346
ASV_6596,OW757933.1,90.514,253,24,0,1,253,1,253,8.72e-87,335
ASV_6596,AB734556.1,90.119,253,25,0,1,253,4,256,4.06e-85,329
ASV_6596,KP516867.1,89.723,253,26,0,1,253,1,253,1.89e-83,324
ASV_6596,GU196040.1,89.723,253,26,0,1,253,489,741,1.89e-83,324
ASV_6596,OW761998.1,88.538,253,29,0,1,253,1,253,1.90e-78,307
ASV_6596,OW762858.1,88.142,253,30,0,1,253,1,253,8.85e-77,302
ASV_6596,GQ453027.1,88.142,253,30,0,1,253,13,265,8.85e-77,302
ASV_6596,GQ453025.1,88.142,253,30,0,1,253,13,265,8.85e-77,302
ASV_6608,KX706785.1,88.142,253,30,0,1,253,1,253,8.85e-77,302
ASV_6608,KX173118.1,88.189,254,26,4,2,253,480,731,3.18e-76,300
ASV_6608,KX705780.1,87.747,253,31,0,1,253,1,253,4.12e-75,296
ASV_6608,KY977758.1,87.747,253,29,2,2,253,154,405,1.48e-74,294
ASV_6608,LC138837.1,87.698,252,31,0,2,253,21,272,1.48e-74,294
ASV_6608,JX227320.1,87.795,254,27,4,2,253,501,752,1.48e-74,294
ASV_6608,KC747065.1,87.795,254,27,4,2,253,503,754,1.48e-74,294
ASV_6608,JN886899.1,87.795,254,27,4,2,253,502,753,1.48e-74,294
ASV_6608,JF812576.1,87.795,254,27,4,2,253,441,692,1.48e-74,294
ASV_6608,AB305458.1,87.795,254,27,4,2,253,481,732,1.48e-74,294
ASV_6688,NC_008944.1,94.872,156,8,0,56,211,18024,18179,1.22e-59,244
ASV_6688,PP464272.1,93.789,161,9,1,51,211,18209,18368,1.58e-58,241
ASV_6698,DQ071077.1,95.652,253,11,0,1,253,538,790,1.82e-108,407
ASV_6698,KU676503.1,95.635,252,11,0,2,253,1,252,6.56e-108,405
ASV_6698,JX194527.1,95.200,250,12,0,4,253,1,250,3.95e-105,396
ASV_6698,DQ368190.1,94.862,253,13,0,1,253,450,702,3.95e-105,396
ASV_6698,HQ883406.1,94.071,253,15,0,1,253,460,712,8.54e-102,385
ASV_6698,EU638793.1,94.094,254,14,1,1,253,462,715,8.54e-102,385
ASV_6698,DQ368242.1,94.071,253,15,0,1,253,450,702,8.54e-102,385
ASV_6698,DQ368221.1,94.071,253,15,0,1,253,450,702,8.54e-102,385
ASV_6698,DQ368200.1,94.071,253,15,0,1,253,450,702,8.54e-102,385
ASV_6698,DQ368179.1,94.071,253,15,0,1,253,450,702,8.54e-102,385
ASV_6704,KY278394.1,92.885,253,18,0,1,253,1,253,8.60e-97,368
ASV_6704,MF498366.1,90.588,255,20,4,1,253,496,748,8.72e-87,335
ASV_6704,KY279834.1,90.119,253,25,0,1,253,1,253,4.06e-85,329
ASV_6704,HM798895.1,90.119,253,25,0,1,253,500,752,4.06e-85,329
ASV_6704,GQ215188.1,90.119,253,25,0,1,253,544,796,4.06e-85,329
ASV_6704,KY281912.1,89.723,253,26,0,1,253,1,253,1.89e-83,324
ASV_6704,KX933636.1,89.412,255,23,4,1,253,522,774,8.79e-82,318
ASV_6704,KP551948.1,89.328,253,27,0,1,253,1,253,8.79e-82,318
ASV_6704,KC852530.1,92.377,223,17,0,31,253,1,223,8.79e-82,318
ASV_6704,JQ727157.1,89.370,254,25,2,1,253,453,705,8.79e-82,318
ASV_6759,EU885107.1,94.882,254,12,1,1,253,513,766,3.95e-105,396
ASV_6759,EU885106.1,94.862,253,13,0,1,253,513,765,3.95e-105,396
ASV_6759,HG971006.1,94.071,253,15,0,1,253,533,785,8.54e-102,385
ASV_6759,KT952865.1,92.885,253,18,0,1,253,530,782,8.60e-97,368
ASV_6759,HM630233.1,93.200,250,17,0,1,250,510,759,8.60e-97,368
ASV_6759,KT952714.1,92.126,254,19,1,1,253,532,785,1.86e-93,357
ASV_6759,MN664245.1,88.933,253,28,0,1,253,177,429,4.09e-80,313
ASV_6759,MN664032.1,88.933,253,28,0,1,253,177,429,4.09e-80,313
ASV_6759,KC993457.1,88.933,253,28,0,1,253,531,783,4.09e-80,313
ASV_6759,KC478349.1,88.933,253,28,0,1,253,531,783,4.09e-80,313
ASV_6763,KX013820.1,91.700,253,21,0,1,253,153,405,8.66e-92,351
ASV_6763,KX936729.1,91.700,253,21,0,1,253,540,792,8.66e-92,351
ASV_6763,JQ516410.1,91.700,253,21,0,1,253,532,784,8.66e-92,351
ASV_6763,OQ823034.1,91.304,253,22,0,1,253,1,253,4.03e-90,346
ASV_6763,LT720549.1,91.429,245,21,0,1,245,196,440,2.43e-87,337
ASV_6763,LT721541.1,91.429,245,21,0,1,245,196,440,2.43e-87,337
ASV_6763,LT721280.1,91.429,245,21,0,1,245,196,440,2.43e-87,337
ASV_6763,GQ350738.1,88.933,253,28,0,1,253,523,775,4.09e-80,313
ASV_6763,GQ350575.1,88.976,254,27,1,1,253,523,776,4.09e-80,313
ASV_6763,MN890621.1,87.649,251,29,2,1,250,1,250,1.92e-73,291
ASV_6767,EU350875.1,92.885,253,18,0,1,253,455,707,8.60e-97,368
ASV_6767,JQ817685.1,85.603,257,29,8,1,253,469,721,4.18e-65,263
ASV_6767,JF272094.1,85.271,258,28,10,1,253,489,741,1.94e-63,257
ASV_6767,FN678624.1,84.825,257,31,8,1,253,497,749,9.04e-62,252
ASV_6767,KY279402.1,84.496,258,30,10,1,253,1,253,4.21e-60,246
ASV_6767,GU235015.1,84.436,257,32,8,1,253,453,705,4.21e-60,246
ASV_6767,DQ396107.1,84.314,255,36,4,1,253,488,740,4.21e-60,246
ASV_6767,JN813603.1,83.525,261,30,13,1,253,442,697,1.18e-55,231
ASV_6767,KY276725.1,82.609,253,44,0,1,253,1,253,1.97e-53,224
ASV_6767,FN678654.1,86.256,211,23,6,1,208,451,658,1.97e-53,224
ASV_6784,KT980889.1,98.814,253,3,0,1,253,177,429,8.30e-122,451
ASV_6784,AB189339.1,94.862,253,13,0,1,253,534,786,3.95e-105,396
ASV_6784,KP262674.1,92.885,253,18,0,1,253,195,447,8.60e-97,368
ASV_6784,KX173060.1,92.095,253,20,0,1,253,507,759,1.86e-93,357
ASV_6784,KX173055.1,92.095,253,20,0,1,253,507,759,1.86e-93,357
ASV_6784,KX172673.1,92.095,253,20,0,1,253,521,773,1.86e-93,357
ASV_6784,LT621995.1,92.095,253,20,0,1,253,138,390,1.86e-93,357
ASV_6784,KP631957.1,92.095,253,20,0,1,253,1,253,1.86e-93,357
ASV_6784,GU061228.1,92.095,253,20,0,1,253,497,749,1.86e-93,357
ASV_6784,AF424059.1,92.095,253,20,0,1,253,16,268,1.86e-93,357
ASV_6787,KY646836.1,88.235,255,26,4,1,253,1,253,8.85e-77,302
ASV_6787,KP787331.1,88.235,255,26,4,1,253,1,253,8.85e-77,302
ASV_6787,KT912823.1,87.843,255,27,4,1,253,1,253,4.12e-75,296
ASV_6787,OZ328821.1,87.795,254,24,7,1,252,175,423,1.92e-73,291
ASV_6787,MH526790.1,87.500,256,26,6,1,253,176,428,1.92e-73,291
ASV_6787,MH526028.1,87.451,255,28,4,1,253,177,429,1.92e-73,291
ASV_6787,MH524927.1,87.500,256,26,6,1,253,177,429,1.92e-73,291
ASV_6787,MF553739.1,87.698,252,27,4,1,250,1,250,1.92e-73,291
ASV_6787,OY972781.1,87.549,257,24,7,1,253,177,429,1.92e-73,291
ASV_6787,HG991377.1,87.451,255,28,4,1,253,1,253,1.92e-73,291
ASV_6798,KY279104.1,95.200,250,8,4,6,253,6,253,5.10e-104,392
ASV_6798,KY279069.1,91.935,248,20,0,6,253,6,253,1.12e-90,348
ASV_6798,AF146236.1,91.532,248,21,0,6,253,21,268,5.21e-89,342
ASV_6798,MF320720.1,91.129,248,22,0,6,253,511,758,2.43e-87,337
ASV_6798,EU290320.1,90.726,248,23,0,6,253,511,758,1.13e-85,331
ASV_6798,HM799050.1,90.119,253,25,0,1,253,540,792,4.06e-85,329
ASV_6798,EU050931.1,90.119,253,25,0,1,253,537,789,4.06e-85,329
ASV_6798,JN874211.1,90.119,253,24,1,1,253,558,809,1.46e-84,327
ASV_6798,KY278537.1,89.723,253,26,0,1,253,1,253,1.89e-83,324
ASV_6798,EU350909.1,89.723,253,26,0,1,253,511,763,1.89e-83,324
ASV_6846,KP554066.1,90.909,253,23,0,1,253,1,253,1.88e-88,340
ASV_6846,KU105176.1,90.588,255,20,4,1,253,1,253,8.72e-87,335
ASV_6846,KT918188.1,90.514,253,24,0,1,253,1,253,8.72e-87,335
ASV_6846,KP587970.1,90.514,253,24,0,1,253,1,253,8.72e-87,335
ASV_6846,KY955366.1,90.873,252,19,4,1,250,1,250,8.72e-87,335
ASV_6846,MH466758.1,90.476,252,20,4,1,250,176,425,4.06e-85,329
ASV_6846,MG240081.1,90.438,251,20,4,1,249,162,410,1.46e-84,327
ASV_6846,KY944271.1,89.683,252,26,0,2,253,1,252,6.79e-83,322
ASV_6846,KY961771.1,89.600,250,26,0,1,250,1,250,8.79e-82,318
ASV_6846,FJ352033.1,89.328,253,27,0,1,253,1,253,8.79e-82,318
ASV_6878,KU439784.1,87.550,249,27,4,7,253,7,253,8.91e-72,285
ASV_6878,KR840302.1,87.550,249,27,4,7,253,7,253,8.91e-72,285
ASV_6878,LC306253.1,86.747,249,29,4,7,253,7,253,1.93e-68,274
ASV_6878,KU326321.1,86.345,249,30,4,7,253,7,253,8.98e-67,268
ASV_6878,KY253994.1,85.490,255,33,3,1,253,1,253,4.18e-65,263
ASV_6878,KJ615847.1,85.657,251,34,2,1,250,172,421,4.18e-65,263
ASV_6878,AM746237.1,85.547,256,31,6,1,253,523,775,4.18e-65,263
ASV_6878,KY258964.1,85.317,252,37,0,2,253,2,253,1.50e-64,261
ASV_6878,AB945602.1,85.714,252,30,6,2,250,1,249,1.50e-64,261
ASV_6878,KT981268.1,85.200,250,37,0,1,250,178,427,1.94e-63,257
ASV_6891,AF432295.1,95.276,254,11,1,1,253,101,354,8.48e-107,401
ASV_6891,KY278473.1,94.862,253,13,0,1,253,1,253,3.95e-105,396
ASV_6891,GU971303.1,94.466,253,14,0,1,253,440,692,1.84e-103,390
ASV_6891,KX628692.1,90.079,252,25,0,2,253,150,401,1.46e-84,327
ASV_6891,KP928454.1,88.889,252,28,0,2,253,2,253,1.47e-79,311
ASV_6891,KT976876.1,88.538,253,29,0,1,253,153,405,1.90e-78,307
ASV_6891,KR089674.1,89.069,247,26,1,7,253,443,688,6.84e-78,305
ASV_6891,JX906014.1,88.189,254,29,1,1,253,498,751,8.85e-77,302
ASV_6891,LC395740.1,87.795,254,27,4,2,253,1,252,1.48e-74,294
ASV_6891,KX629790.1,87.649,251,29,2,1,250,150,399,1.92e-73,291
ASV_6941,KY279676.1,99.605,253,1,0,1,253,1,253,3.84e-125,462
ASV_6941,JX282201.1,99.209,253,2,0,1,253,533,785,1.78e-123,457
ASV_6941,EF395615.1,93.281,253,17,0,1,253,496,748,1.85e-98,374
ASV_6941,KY281581.1,92.885,253,18,0,1,253,1,253,8.60e-97,368
ASV_6941,KY281067.1,92.490,253,19,0,1,253,1,253,4.00e-95,363
ASV_6941,KY279160.1,91.700,253,21,0,1,253,1,253,8.66e-92,351
ASV_6941,MF690743.1,91.700,253,21,0,1,253,174,426,8.66e-92,351
ASV_6941,JN459997.1,91.304,253,22,0,1,253,506,758,4.03e-90,346
ASV_6941,JN453398.1,91.304,253,22,0,1,253,496,748,4.03e-90,346
ASV_6941,AM229478.1,91.304,253,22,0,1,253,490,742,4.03e-90,346


