ASV_8735,KY279351.1,96.838,253,8,0,1,253,1,253,1.81e-113,424
ASV_8735,FJ753112.1,95.257,253,12,0,1,253,348,600,8.48e-107,401
ASV_8735,KX972026.1,96.552,232,8,0,1,232,169,400,8.54e-102,385
ASV_8735,KY282047.1,91.339,254,20,2,1,253,1,253,4.03e-90,346
ASV_8735,KJ007922.1,88.538,253,29,0,1,253,470,722,1.90e-78,307
ASV_8735,PQ491192.1,87.451,255,28,4,1,253,1,253,1.92e-73,291
ASV_8735,KY517159.1,87.352,253,32,0,1,253,174,426,1.92e-73,291
ASV_8735,KY280884.1,86.957,253,31,2,2,253,2,253,3.21e-71,283
ASV_8735,KY279871.1,86.905,252,33,0,2,253,2,253,3.21e-71,283
ASV_8735,OW747583.1,86.614,254,32,2,1,253,1,253,4.15e-70,279
ASV_8736,KX628516.1,92.095,253,20,0,1,253,149,401,1.86e-93,357
ASV_8736,KY282437.1,89.062,256,22,6,1,253,1,253,4.09e-80,313
ASV_8736,KX706444.1,88.716,257,21,8,1,253,1,253,1.90e-78,307
ASV_8736,KY258931.1,88.627,255,25,4,1,253,1,253,1.90e-78,307
ASV_8736,KJ998378.1,90.598,234,18,4,1,232,486,717,1.90e-78,307
ASV_8736,JQ800968.1,88.538,253,29,0,1,253,487,739,1.90e-78,307
ASV_8736,JQ800986.1,88.142,253,30,0,1,253,487,739,2.46e-77,303
ASV_8736,KT912549.1,88.189,254,28,2,1,253,1,253,8.85e-77,302
ASV_8736,HM799060.1,88.142,253,30,0,1,253,463,715,8.85e-77,302
ASV_8736,KY256579.1,87.402,254,30,2,1,253,1,253,1.92e-73,291
ASV_8740,KY278306.1,89.764,254,24,2,1,253,1,253,1.89e-83,324
ASV_8740,KT974188.1,89.723,253,26,0,1,253,154,406,1.89e-83,324
ASV_8740,KT910993.1,89.723,253,26,0,1,253,1,253,1.89e-83,324
ASV_8740,JN490016.1,89.723,253,26,0,1,253,421,673,1.89e-83,324
ASV_8740,JN442185.1,89.723,253,26,0,1,253,459,711,1.89e-83,324
ASV_8740,JN434529.1,89.723,253,26,0,1,253,21,273,1.89e-83,324
ASV_8740,JN434207.1,89.723,253,26,0,1,253,385,637,1.89e-83,324
ASV_8740,JN433870.1,89.723,253,26,0,1,253,374,626,1.89e-83,324
ASV_8740,JN432034.1,89.723,253,26,0,1,253,22,274,1.89e-83,324
ASV_8740,OW755859.1,89.328,253,27,0,1,253,1,253,8.79e-82,318
ASV_8751,KY125150.1,91.700,253,21,0,1,253,4,256,8.66e-92,351
ASV_8751,OW758249.1,91.732,254,19,2,1,253,1,253,8.66e-92,351
ASV_8751,KJ173744.1,91.339,254,20,2,1,253,434,686,4.03e-90,346
ASV_8751,KY961919.1,91.270,252,18,4,1,250,1,250,1.88e-88,340
ASV_8751,KY960579.1,91.200,250,22,0,1,250,1,250,1.88e-88,340
ASV_8751,KP915916.1,90.514,253,24,0,1,253,1,253,8.72e-87,335
ASV_8751,KP479974.1,90.196,255,21,4,1,253,1,253,4.06e-85,329
ASV_8751,JX227598.1,90.119,253,25,0,1,253,538,790,4.06e-85,329
ASV_8751,KU338754.1,89.804,255,22,4,1,253,1,253,1.89e-83,324
ASV_8751,OW758257.1,89.764,254,24,2,1,253,1,253,1.89e-83,324
ASV_8763,KU371045.1,97.233,253,7,0,1,253,431,683,3.89e-115,429
ASV_8763,KP473274.1,95.652,253,11,0,1,253,1,253,1.82e-108,407
ASV_8763,OW751017.1,92.885,253,18,0,1,253,1,253,8.60e-97,368
ASV_8763,OW538375.1,92.885,253,18,0,1,253,1,253,8.60e-97,368
ASV_8763,JX227362.1,91.700,253,21,0,1,253,505,757,8.66e-92,351
ASV_8763,KT019215.1,89.683,252,26,0,2,253,2,253,6.79e-83,322
ASV_8763,KP935890.1,89.723,253,24,2,2,253,2,253,6.79e-83,322
ASV_8763,OW752003.1,89.683,252,26,0,2,253,2,253,6.79e-83,322
ASV_8763,MF587121.1,89.683,252,26,0,2,253,154,405,6.79e-83,322
ASV_8763,OW751002.1,89.286,252,27,0,2,253,2,253,3.16e-81,316
ASV_8773,KC238395.1,100.000,253,0,0,1,253,519,771,8.24e-127,468
ASV_8773,HQ601680.1,100.000,240,0,0,1,240,374,613,1.39e-119,444
ASV_8773,LR594883.1,92.885,253,18,0,1,253,190,442,8.60e-97,368
ASV_8773,LR595515.1,92.885,253,18,0,1,253,190,442,8.60e-97,368
ASV_8773,KY255808.1,92.885,253,18,0,1,253,1,253,8.60e-97,368
ASV_8773,KT913841.1,92.885,253,18,0,1,253,1,253,8.60e-97,368
ASV_8773,GU205518.1,92.885,253,18,0,1,253,190,442,8.60e-97,368
ASV_8773,LT721777.1,92.857,252,18,0,1,252,189,440,3.09e-96,366
ASV_8773,MN890455.1,92.800,250,18,0,1,250,1,250,4.00e-95,363
ASV_8773,AJ575942.1,92.490,253,19,0,1,253,466,718,4.00e-95,363
ASV_8783,KY278639.1,92.063,252,20,0,1,252,1,252,6.67e-93,355
ASV_8783,KY276605.1,88.583,254,26,3,1,252,1,253,6.81e-78,305
ASV_8783,KT074928.1,85.537,242,30,5,14,252,125,364,1.16e-60,248
ASV_8783,KY252491.1,84.921,252,29,8,6,252,6,253,4.19e-60,246
ASV_8783,LT616952.1,84.190,253,39,1,1,252,456,708,1.51e-59,244
ASV_8783,LT616951.1,84.190,253,39,1,1,252,456,708,1.51e-59,244
ASV_8783,LT616949.1,84.190,253,39,1,1,252,456,708,1.51e-59,244
ASV_8783,NR_181967.1,84.190,253,39,1,1,252,456,708,1.51e-59,244
ASV_8783,MF439308.1,85.062,241,33,2,14,252,182,421,5.41e-59,243
ASV_8783,KP687227.1,85.062,241,33,3,14,252,477,716,5.41e-59,243
ASV_8818,GU326411.1,91.304,253,22,0,1,253,444,696,4.03e-90,346
ASV_8818,JN126143.1,90.909,253,23,0,1,253,170,422,1.88e-88,340
ASV_8818,JN126148.1,90.514,253,24,0,1,253,170,422,8.72e-87,335
ASV_8818,GU118906.1,90.588,255,20,4,1,253,475,727,8.72e-87,335
ASV_8818,OZ253574.1,90.157,254,23,2,1,253,2408503,2408251,4.06e-85,329
ASV_8818,MF691400.1,89.200,250,27,0,1,250,154,403,4.09e-80,313
ASV_8818,MF551644.1,89.200,250,27,0,1,250,1,250,4.09e-80,313
ASV_8818,KU115467.1,89.200,250,27,0,1,250,1,250,4.09e-80,313
ASV_8818,KP469961.1,88.933,253,28,0,1,253,1,253,4.09e-80,313
ASV_8818,OZ245809.1,88.538,253,29,0,1,253,5417838,5418090,1.90e-78,307
ASV_8821,KU878561.1,92.885,253,18,0,1,253,515,767,8.60e-97,368
ASV_8821,KY281241.1,88.142,253,29,1,1,253,1,252,3.18e-76,300
ASV_8821,MF774367.1,85.771,253,35,1,1,253,392,643,3.23e-66,267
ASV_8821,KM978330.1,85.771,253,35,1,1,253,519,770,3.23e-66,267
ASV_8821,KM978318.1,85.771,253,35,1,1,253,519,770,3.23e-66,267
ASV_8821,MH977554.1,85.657,251,35,1,1,251,1,250,4.18e-65,263
ASV_8821,OK049336.1,85.375,253,37,0,1,253,172,424,4.18e-65,263
ASV_8821,OK038167.1,85.375,253,37,0,1,253,172,424,4.18e-65,263
ASV_8821,MZ521992.1,85.375,253,37,0,1,253,14,266,4.18e-65,263
ASV_8821,MZ521482.1,85.375,253,37,0,1,253,14,266,4.18e-65,263
ASV_8836,AB560122.1,84.400,250,39,0,1,250,526,775,4.21e-60,246
ASV_8836,PQ490833.1,84.000,250,40,0,1,250,1,250,1.96e-58,241
ASV_8836,KM018600.1,83.794,253,41,0,1,253,543,795,1.96e-58,241
ASV_8836,KM018450.1,83.794,253,41,0,1,253,543,795,1.96e-58,241
ASV_8836,GU914901.1,85.526,228,33,0,1,228,45,272,7.04e-58,239
ASV_8836,MH989799.1,83.600,250,41,0,1,250,187,436,9.10e-57,235
ASV_8836,MG876468.1,83.399,253,42,0,1,253,177,429,9.10e-57,235
ASV_8836,MG517415.1,83.858,254,33,8,1,250,552,801,9.10e-57,235
ASV_8836,MG815090.1,83.600,250,41,0,1,250,168,417,9.10e-57,235
ASV_8836,MG814359.1,83.600,250,41,0,1,250,187,436,9.10e-57,235
ASV_8842,JQ041427.1,92.885,253,18,0,1,253,592,844,2.39e-97,370
ASV_8842,GQ259279.1,86.561,253,34,0,1,253,454,706,4.15e-70,279
ASV_8842,KY280410.1,83.004,253,43,0,1,253,1,253,4.24e-55,230
ASV_8842,AB305603.1,82.031,256,40,5,1,253,578,830,4.27e-50,213
ASV_8842,MF613155.1,81.569,255,41,6,1,252,2,253,7.14e-48,206
ASV_8842,KT152881.1,81.250,256,42,5,1,253,284,536,9.23e-47,202
ASV_8842,FR682654.1,81.250,256,42,5,1,253,137,389,9.23e-47,202
ASV_8842,MG638786.1,80.709,254,47,2,1,253,1,253,4.30e-45,196
ASV_8842,KP091222.1,80.859,256,43,5,1,253,604,856,4.30e-45,196
ASV_8842,KT152875.1,80.859,256,43,5,1,253,255,507,4.30e-45,196
ASV_8881,OY282551.1,100.000,31,0,0,192,222,24324893,24324923,0.002,58.4
ASV_8894,KT435142.1,90.119,253,25,0,1,253,1,253,4.06e-85,329
ASV_8894,OW758252.1,90.119,253,25,0,1,253,1,253,4.06e-85,329
ASV_8894,MF363796.1,89.723,253,26,0,1,253,1,253,1.89e-83,324
ASV_8894,MF369109.1,89.328,253,27,0,1,253,1,253,8.79e-82,318
ASV_8894,MF368944.1,89.328,253,27,0,1,253,1,253,8.79e-82,318
ASV_8894,MF367520.1,89.328,253,27,0,1,253,1,253,8.79e-82,318
ASV_8894,KT433845.1,89.370,254,26,1,1,253,1,254,8.79e-82,318
ASV_8894,OW758255.1,89.328,253,27,0,1,253,1,253,8.79e-82,318
ASV_8894,MG579983.1,88.933,253,28,0,1,253,180,432,4.09e-80,313
ASV_8894,MF369522.1,88.933,253,28,0,1,253,1,253,4.09e-80,313
ASV_8895,CP183315.1,83.333,78,13,0,4,81,2542354,2542431,5.53e-08,73.1
ASV_8895,CP001339.1,83.333,78,13,0,4,81,2660778,2660855,5.53e-08,73.1
ASV_8958,OZ245752.1,100.000,32,0,0,49,80,3825432,3825463,4.00e-04,60.2
ASV_8958,OZ245752.1,100.000,30,0,0,50,79,1284242,1284271,0.005,56.5
ASV_8958,OZ245752.1,100.000,30,0,0,50,79,4011604,4011575,0.005,56.5
ASV_8958,OZ245752.1,100.000,29,0,0,51,79,808760,808788,0.019,54.7
ASV_8958,OZ245752.1,100.000,29,0,0,51,79,2010348,2010320,0.019,54.7
ASV_8958,OY771506.1,89.583,48,3,2,35,80,236218,236265,4.00e-04,60.2
ASV_8958,OY771506.1,100.000,30,0,0,113,142,3294402,3294431,0.005,56.5
ASV_8958,AP018439.1,94.737,38,0,1,43,80,4892842,4892877,0.001,58.4
ASV_8958,AP018439.1,92.105,38,3,0,43,80,1889272,1889309,0.019,54.7
ASV_8958,AP018439.1,92.308,39,2,1,53,91,4799764,4799801,0.019,54.7
ASV_8958,OZ252296.1,100.000,31,0,0,49,79,2150538,2150568,0.001,58.4
ASV_8958,OZ252296.1,100.000,31,0,0,50,80,4475913,4475883,0.001,58.4
ASV_8958,OZ252296.1,97.143,35,0,1,45,79,4574496,4574463,0.001,58.4
ASV_8958,OZ252296.1,100.000,30,0,0,50,79,40649,40620,0.005,56.5
ASV_8958,OZ252296.1,100.000,29,0,0,51,79,1246675,1246647,0.019,54.7
ASV_8958,OZ252296.1,100.000,29,0,0,51,79,2218006,2218034,0.019,54.7
ASV_8958,OZ252296.1,100.000,29,0,0,51,79,2240352,2240324,0.019,54.7
ASV_8958,OZ252296.1,100.000,29,0,0,51,79,2856720,2856748,0.019,54.7
ASV_8958,OZ252296.1,100.000,29,0,0,52,80,4210488,4210516,0.019,54.7
ASV_8958,OZ252296.1,94.444,36,1,1,44,79,5159964,5159930,0.019,54.7
ASV_8958,CP027527.1,94.737,38,1,1,43,80,341699,341663,0.001,58.4
ASV_8958,CP027526.1,94.737,38,1,1,43,80,341699,341663,0.001,58.4
ASV_8958,OY763327.1,90.698,43,4,0,100,142,2972110,2972068,0.001,58.4
ASV_8958,OY763327.1,100.000,29,0,0,113,141,2204314,2204286,0.019,54.7
ASV_8958,OY763327.1,100.000,29,0,0,113,141,4123888,4123916,0.019,54.7
ASV_8958,OY763327.1,100.000,29,0,0,113,141,4171453,4171481,0.019,54.7
ASV_8958,OY763327.1,100.000,29,0,0,113,141,4779472,4779500,0.019,54.7
ASV_8958,CP087563.1,97.143,35,0,1,46,80,4833715,4833682,0.001,58.4
ASV_8958,CP087563.1,94.595,37,1,1,43,79,4597366,4597401,0.005,56.5
ASV_8958,AM085146.1,94.737,38,1,1,43,80,78855,78819,0.001,58.4
ASV_8958,AP042404.1,94.444,36,2,0,43,78,1322797,1322762,0.005,56.5
ASV_8958,AP042404.1,96.970,33,0,1,49,80,755814,755782,0.019,54.7
ASV_8958,AP042404.1,100.000,29,0,0,49,77,1360226,1360198,0.019,54.7
ASV_8980,JF920347.1,88.095,252,29,1,2,253,518,768,1.14e-75,298
ASV_8980,PQ351096.1,87.698,252,30,1,2,253,84,334,5.33e-74,292
ASV_8980,PQ351044.1,87.698,252,30,1,2,253,61,311,5.33e-74,292
ASV_8980,PP227343.1,87.698,252,30,1,2,253,484,734,5.33e-74,292
ASV_8980,PP227342.1,87.698,252,30,1,2,253,490,740,5.33e-74,292
ASV_8980,PP227337.1,87.698,252,30,1,2,253,484,734,5.33e-74,292
ASV_8980,PP227336.1,87.698,252,30,1,2,253,486,736,5.33e-74,292
ASV_8980,PP227335.1,87.698,252,30,1,2,253,442,692,5.33e-74,292
ASV_8980,PP227327.1,87.698,252,30,1,2,253,362,612,5.33e-74,292
ASV_8980,PV604386.1,87.698,252,30,1,2,253,545,795,5.33e-74,292
ASV_8982,EU919090.1,95.652,253,11,0,1,253,173,425,1.82e-108,407
ASV_8982,JF747657.1,92.549,255,15,4,1,253,500,752,4.00e-95,363
ASV_8982,JN884956.1,92.032,251,18,2,1,250,444,693,8.66e-92,351
ASV_8982,MT464763.1,90.945,254,21,2,1,253,153,405,1.88e-88,340
ASV_8982,OZ242383.1,90.945,254,21,2,1,253,3182488,3182740,1.88e-88,340
ASV_8982,LC139145.1,90.980,255,19,4,1,253,20,272,1.88e-88,340
ASV_8982,KC508766.1,90.980,255,19,4,1,253,119,371,1.88e-88,340
ASV_8982,AM997291.1,90.945,254,21,2,1,253,498,750,1.88e-88,340
ASV_8982,KC527410.1,90.837,251,21,2,1,250,262,511,8.72e-87,335
ASV_8982,FJ938452.1,90.837,251,21,2,1,250,450,699,8.72e-87,335
ASV_9003,KP107142.1,82.422,256,38,5,1,252,158,410,3.28e-51,217
ASV_9003,GU982143.1,82.283,254,42,3,1,252,516,768,3.28e-51,217
ASV_9003,MG853796.1,82.101,257,37,7,1,252,155,407,1.53e-49,211
ASV_9003,MG810015.1,82.101,257,37,7,1,252,155,407,1.53e-49,211
ASV_9003,LC028636.1,82.101,257,37,8,1,252,494,746,1.53e-49,211
ASV_9003,KY665340.1,81.712,257,38,8,1,252,169,421,7.10e-48,206
ASV_9003,OZ034965.1,81.423,253,45,2,1,252,2018422,2018171,7.10e-48,206
ASV_9003,LC028567.1,81.712,257,38,8,1,252,494,746,7.10e-48,206
ASV_9003,OW747020.1,81.712,257,38,8,1,252,1,253,7.10e-48,206
ASV_9003,JX095606.1,81.712,257,38,8,1,252,453,705,7.10e-48,206
ASV_9042,LC071201.1,73.896,249,61,4,3,249,6,252,4.50e-15,97.1
ASV_9042,JQ245686.1,74.359,234,53,7,24,254,465,694,5.82e-14,93.5
ASV_9042,KU440783.1,78.226,124,27,0,6,129,6,129,4.53e-10,80.5
ASV_9042,CP040089.1,72.800,250,60,8,9,254,845681,845436,1.63e-09,78.7
ASV_9042,MN178624.1,72.800,250,60,8,9,254,481,726,1.63e-09,78.7
ASV_9042,DQ791579.1,73.246,228,55,6,27,252,489,712,1.63e-09,78.7
ASV_9042,DQ791546.1,73.246,228,55,6,27,252,489,712,1.63e-09,78.7
ASV_9042,KP096966.1,72.541,244,59,8,14,254,132,370,7.59e-08,73.1
ASV_9042,GQ999852.1,72.549,255,58,12,3,252,137,384,7.59e-08,73.1
ASV_9042,DQ791596.1,72.807,228,56,6,27,252,489,712,7.59e-08,73.1
ASV_9109,GU326411.1,90.909,253,23,0,1,253,444,696,1.88e-88,340
ASV_9109,GU118906.1,90.588,255,20,4,1,253,475,727,8.72e-87,335
ASV_9109,OZ253574.1,88.933,253,28,0,1,253,2408503,2408251,4.09e-80,313
ASV_9109,MF691400.1,89.200,250,27,0,1,250,154,403,4.09e-80,313
ASV_9109,MF551644.1,89.200,250,27,0,1,250,1,250,4.09e-80,313
ASV_9109,KU115467.1,89.200,250,27,0,1,250,1,250,4.09e-80,313
ASV_9109,AB425017.1,89.200,250,27,0,1,250,1,250,4.09e-80,313
ASV_9109,JN126143.1,88.538,253,29,0,1,253,170,422,1.90e-78,307
ASV_9109,MW083703.1,88.538,253,29,0,1,253,167,419,1.90e-78,307
ASV_9109,FJ594833.1,88.538,253,29,0,1,253,487,739,1.90e-78,307
ASV_9118,KY282081.1,96.047,253,10,0,1,253,1,253,3.92e-110,412
ASV_9118,KY281768.1,92.095,253,20,0,1,253,1,253,1.86e-93,357
ASV_9118,JN018986.1,91.373,255,18,4,1,253,489,741,4.03e-90,346
ASV_9118,HQ163281.1,91.373,255,18,4,1,253,468,720,4.03e-90,346
ASV_9118,KU676076.1,91.339,254,18,4,2,253,1,252,1.45e-89,344
ASV_9118,KY278228.1,90.909,253,23,0,1,253,1,253,1.88e-88,340
ASV_9118,KU677203.1,90.945,254,19,3,2,253,1,252,6.74e-88,339
ASV_9118,KY278280.1,89.723,253,26,0,1,253,1,253,1.89e-83,324
ASV_9118,OQ824451.1,86.957,253,33,0,1,253,1,253,8.91e-72,285
ASV_9118,MN891409.1,86.747,249,33,0,1,249,1,249,1.49e-69,278
ASV_9127,KY277332.1,99.605,253,1,0,1,253,1,253,3.84e-125,462
ASV_9127,KY281709.1,92.490,253,19,0,1,253,1,253,4.00e-95,363
ASV_9127,KY516178.1,91.667,252,21,0,2,253,177,428,3.12e-91,350
ASV_9127,KY279859.1,90.551,254,22,2,1,253,1,253,8.72e-87,335
ASV_9127,KU104261.1,90.119,253,25,0,1,253,1,253,4.06e-85,329
ASV_9127,HM591459.1,90.119,253,25,0,1,253,527,779,4.06e-85,329
ASV_9127,MF367541.1,89.764,254,24,2,1,253,1,253,1.89e-83,324
ASV_9127,KR839509.1,89.723,253,26,0,1,253,1,253,1.89e-83,324
ASV_9127,OV289432.1,89.723,253,26,0,1,253,273,21,1.89e-83,324
ASV_9127,MN890801.1,90.040,251,23,2,1,250,1,250,1.89e-83,324
ASV_9151,AB089087.1,81.349,252,39,8,6,253,457,704,1.19e-45,198
ASV_9151,AB192231.1,80.952,252,40,8,6,253,471,718,5.56e-44,193
ASV_9151,MF047745.1,80.478,251,43,6,6,253,157,404,2.59e-42,187
ASV_9151,KY125316.1,80.556,252,41,8,6,253,9,256,2.59e-42,187
ASV_9151,AB192232.1,80.556,252,41,8,6,253,471,718,2.59e-42,187
ASV_9151,AB089093.1,80.556,252,41,8,6,253,435,682,2.59e-42,187
ASV_9151,AB089088.1,80.478,251,43,6,6,253,471,718,2.59e-42,187
ASV_9151,KT171818.1,79.920,249,42,8,6,250,6,250,5.60e-39,176
ASV_9151,KY521406.1,79.051,253,53,0,1,253,177,429,2.01e-38,174
ASV_9151,AB295002.1,79.216,255,49,4,1,253,470,722,2.01e-38,174
ASV_9158,KJ615847.1,84.000,250,40,0,1,250,172,421,1.96e-58,241
ASV_9158,AB560122.1,83.665,251,39,2,1,250,526,775,9.10e-57,235
ASV_9158,GQ259300.1,83.665,251,39,2,1,250,508,757,9.10e-57,235
ASV_9158,MG638283.1,84.016,244,35,3,9,250,9,250,1.18e-55,231
ASV_9158,KT907991.1,84.016,244,35,3,9,250,545,786,1.18e-55,231
ASV_9158,MG638260.1,82.869,251,41,2,1,250,1,250,1.97e-53,224
ASV_9158,MF691412.1,82.609,253,44,0,1,253,169,421,1.97e-53,224
ASV_9158,KM270263.1,82.800,250,43,0,1,250,479,728,1.97e-53,224
ASV_9158,PX370342.2,82.800,250,43,0,1,250,18,267,1.97e-53,224
ASV_9158,EU236373.1,82.869,251,41,2,1,250,472,721,1.97e-53,224
ASV_9167,NR_041489.2,79.757,247,48,2,1,246,110,355,1.56e-39,178
ASV_9167,AB265192.1,79.757,247,48,2,1,246,508,753,1.56e-39,178
ASV_9167,AY082469.1,79.116,249,46,6,1,246,481,726,3.37e-36,167
ASV_9167,JQ087162.1,78.715,249,47,6,1,246,515,760,1.57e-34,161
ASV_9167,JQ086961.1,78.715,249,47,6,1,246,515,760,1.57e-34,161
ASV_9167,JQ086962.1,78.313,249,48,6,1,246,515,760,7.29e-33,156
ASV_9167,EU771226.1,77.255,255,48,10,1,249,522,772,2.04e-28,141
ASV_9167,KP357559.1,76.892,251,54,4,1,249,170,418,7.34e-28,139
ASV_9167,KR077600.1,76.892,251,48,9,1,246,189,434,3.42e-26,134
ASV_9167,AF275923.1,76.707,249,48,10,1,244,495,738,4.42e-25,130
ASV_9212,KY279676.1,99.605,253,1,0,1,253,1,253,3.84e-125,462
ASV_9212,JX282201.1,98.419,253,4,0,1,253,533,785,3.86e-120,446
ASV_9212,EF395615.1,92.490,253,19,0,1,253,496,748,4.00e-95,363
ASV_9212,KY281581.1,92.095,253,20,0,1,253,1,253,1.86e-93,357
ASV_9212,KY281067.1,91.700,253,21,0,1,253,1,253,8.66e-92,351
ASV_9212,MF690743.1,91.304,253,22,0,1,253,174,426,4.03e-90,346
ASV_9212,JN459997.1,91.304,253,22,0,1,253,506,758,4.03e-90,346
ASV_9212,JN453398.1,91.304,253,22,0,1,253,496,748,4.03e-90,346
ASV_9212,AM229478.1,91.304,253,22,0,1,253,490,742,4.03e-90,346
ASV_9212,MN156715.1,90.909,253,23,0,1,253,175,427,1.88e-88,340
ASV_9217,FJ580570.1,94.488,254,13,1,1,253,170,423,1.84e-103,390
ASV_9217,FJ580572.1,94.094,254,14,1,1,253,167,420,8.54e-102,385
ASV_9217,FJ580571.1,94.094,254,14,1,1,253,170,423,8.54e-102,385
ASV_9217,OZ253461.1,90.909,253,22,1,1,253,1214631,1214380,6.74e-88,339
ASV_9217,EU350888.1,90.119,253,24,1,1,253,433,684,1.46e-84,327
ASV_9217,EU491115.1,87.008,254,29,4,2,253,470,721,3.21e-71,283
ASV_9217,KR844449.1,86.614,254,32,2,1,253,1,253,4.15e-70,279
ASV_9217,OW761617.1,86.561,253,34,0,1,253,1,253,4.15e-70,279
ASV_9217,MH099521.1,86.992,246,32,0,6,251,17,262,1.49e-69,278
ASV_9217,KP921641.1,87.149,249,27,5,7,253,8,253,1.49e-69,278
ASV_9226,LR636651.1,95.652,253,11,0,1,253,486,738,1.82e-108,407
ASV_9226,LR650443.1,95.652,253,11,0,1,253,486,738,1.82e-108,407
ASV_9226,MF368628.1,95.652,253,11,0,1,253,1,253,1.82e-108,407
ASV_9226,KU969990.1,95.652,253,11,0,1,253,1,253,1.82e-108,407
ASV_9226,LR639374.1,94.862,253,13,0,1,253,486,738,3.95e-105,396
ASV_9226,KY259633.1,94.862,253,13,0,1,253,1,253,3.95e-105,396
ASV_9226,KU354140.1,94.862,253,13,0,1,253,330,582,3.95e-105,396
ASV_9226,LN526567.1,94.862,253,13,0,1,253,158,410,3.95e-105,396
ASV_9226,LN522825.1,94.862,253,13,0,1,253,157,409,3.95e-105,396
ASV_9226,OW750200.1,94.466,253,14,0,1,253,1,253,1.84e-103,390
ASV_9238,KX173171.1,91.339,254,20,2,1,253,503,755,4.03e-90,346
ASV_9238,KX625986.1,91.667,252,17,4,1,250,173,422,4.03e-90,346
ASV_9238,KY522004.1,90.909,253,23,0,1,253,177,429,1.88e-88,340
ASV_9238,KY518422.1,90.514,253,24,0,1,253,178,430,8.72e-87,335
ASV_9238,KX173226.1,90.157,254,23,2,1,253,503,755,4.06e-85,329
ASV_9238,JN839672.1,90.119,253,25,0,1,253,120,372,4.06e-85,329
ASV_9238,GU996631.1,90.157,254,23,2,1,253,124,376,4.06e-85,329
ASV_9238,MF369042.1,89.328,253,27,0,1,253,1,253,8.79e-82,318
ASV_9238,KY521274.1,88.933,253,28,0,1,253,177,429,4.09e-80,313
ASV_9238,KU126552.1,88.976,254,26,2,1,253,1,253,4.09e-80,313
ASV_9245,OZ253446.1,93.281,253,17,0,1,253,902591,902843,1.85e-98,374
ASV_9245,AM495239.1,90.079,252,25,0,1,252,176,427,1.46e-84,327
ASV_9245,PP884317.1,83.922,255,37,4,1,253,178,430,1.96e-58,241
ASV_9245,KM356403.1,83.984,256,35,6,1,253,511,763,1.96e-58,241
ASV_9245,JQ375855.2,83.137,255,39,4,1,253,512,764,4.24e-55,230
ASV_9245,FJ215405.1,83.004,253,43,0,1,253,525,777,4.24e-55,230
ASV_9245,FJ215400.1,83.004,253,43,0,1,253,525,777,4.24e-55,230
ASV_9245,KX179059.1,82.937,252,43,0,2,253,1,252,1.52e-54,228
ASV_9245,OY843750.1,82.745,255,40,2,1,253,38575,38323,1.97e-53,224
ASV_9245,EF092219.1,82.609,253,44,0,1,253,508,760,1.97e-53,224
ASV_9250,KY281241.1,94.048,252,15,0,1,252,1,252,3.06e-101,383
ASV_9250,KY278925.1,93.254,252,17,0,1,252,1,252,6.62e-98,372
ASV_9250,AY592891.1,93.254,252,17,0,1,252,433,684,6.62e-98,372
ASV_9250,KU878561.1,92.095,253,19,1,1,252,515,767,6.67e-93,355
ASV_9250,KY276714.1,91.270,252,22,0,1,252,1,252,1.44e-89,344
ASV_9250,MZ229988.1,90.873,252,23,0,1,252,520,771,6.71e-88,339
ASV_9250,KY282813.1,84.921,252,38,0,1,252,1,252,6.96e-63,255
ASV_9250,KJ281747.1,84.585,253,37,2,1,252,1,252,3.24e-61,250
ASV_9250,NR_025707.1,84.646,254,35,4,1,252,521,772,3.24e-61,250
ASV_9250,PQ452185.1,84.375,256,32,8,1,252,44,295,1.51e-59,244
ASV_9251,KY255348.1,92.520,254,17,2,1,253,1,253,4.00e-95,363
ASV_9251,MG390319.1,92.490,253,17,2,1,252,173,424,1.44e-94,361
ASV_9251,MH527335.1,92.126,254,18,2,1,253,173,425,1.86e-93,357
ASV_9251,LC296882.1,92.126,254,18,2,1,253,1,253,1.86e-93,357
ASV_9251,KU114934.1,92.126,254,18,2,1,253,1,253,1.86e-93,357
ASV_9251,KP922667.1,92.126,254,18,2,1,253,1,253,1.86e-93,357
ASV_9251,OW763118.1,92.095,253,20,0,1,253,1,253,1.86e-93,357
ASV_9251,OW744885.1,92.126,254,18,2,1,253,1,253,1.86e-93,357
ASV_9251,MF012990.1,91.700,253,21,0,1,253,20,272,8.66e-92,351
ASV_9251,OW763119.1,91.700,253,21,0,1,253,1,253,8.66e-92,351
ASV_9266,KF927647.1,84.375,256,34,4,1,253,515,767,4.21e-60,246
ASV_9266,AY360509.1,84.375,256,35,3,1,253,509,762,4.21e-60,246
ASV_9266,MF368835.1,83.529,255,38,3,1,253,1,253,9.10e-57,235
ASV_9266,MF081429.1,83.658,257,34,7,1,253,177,429,9.10e-57,235
ASV_9266,KX153133.1,83.658,257,34,7,1,253,2,254,9.10e-57,235
ASV_9266,KU337473.1,83.594,256,36,6,1,253,1,253,9.10e-57,235
ASV_9266,KT912061.1,83.658,257,34,8,1,253,1,253,9.10e-57,235
ASV_9266,JQ369784.2,83.784,259,30,9,1,253,529,781,9.10e-57,235
ASV_9266,MW328473.1,83.658,257,34,7,1,253,2,254,9.10e-57,235
ASV_9266,GU205506.1,83.529,255,38,4,1,253,195,447,9.10e-57,235
ASV_9271,OZ253574.1,89.723,253,26,0,1,253,2408503,2408251,1.89e-83,324
ASV_9271,GU326411.1,87.402,254,30,2,1,253,444,696,1.92e-73,291
ASV_9271,GU118906.1,87.109,256,27,6,1,253,475,727,8.91e-72,285
ASV_9271,KY897224.1,86.614,254,32,2,1,253,20,272,4.15e-70,279
ASV_9271,KU332536.1,86.614,254,32,2,1,253,1,253,4.15e-70,279
ASV_9271,KT434745.1,86.614,254,32,2,1,253,1,253,4.15e-70,279
ASV_9271,MF082287.1,86.166,253,35,0,1,253,176,428,1.93e-68,274
ASV_9271,KX936405.1,86.166,253,35,0,1,253,521,773,1.93e-68,274
ASV_9271,KX936400.1,86.166,253,35,0,1,253,521,773,1.93e-68,274
ASV_9271,MT775254.1,86.166,253,35,0,1,253,176,428,1.93e-68,274
ASV_9316,OW751278.1,90.980,255,19,4,1,253,1,253,1.88e-88,340
ASV_9316,KY259954.1,90.588,255,20,4,1,253,1,253,8.72e-87,335
ASV_9316,KT915736.1,90.661,257,16,7,1,253,1,253,8.72e-87,335
ASV_9316,MK727292.1,89.370,254,25,2,1,253,1,253,8.79e-82,318
ASV_9316,KY276446.1,89.370,254,25,2,1,253,1,253,8.79e-82,318
ASV_9316,LC303398.1,89.370,254,25,2,1,253,1,253,8.79e-82,318
ASV_9316,KP910209.1,89.370,254,25,2,1,253,1,253,8.79e-82,318
ASV_9316,KM454301.1,89.328,253,27,0,1,253,533,785,8.79e-82,318
ASV_9316,KX706513.1,89.020,255,24,4,1,253,1,253,4.09e-80,313
ASV_9316,KY254422.1,89.020,255,24,4,1,253,1,253,4.09e-80,313
ASV_9318,KY277497.1,99.209,253,2,0,1,253,1,253,1.78e-123,457
ASV_9318,FJ205381.1,90.119,253,25,0,1,253,507,759,4.06e-85,329
ASV_9318,KU328859.1,88.933,253,28,0,1,253,1,253,4.09e-80,313
ASV_9318,KU329370.1,89.474,247,24,2,8,253,8,253,1.47e-79,311
ASV_9318,KP908278.1,88.538,253,29,0,1,253,1,253,1.90e-78,307
ASV_9318,FJ717265.1,88.583,254,27,2,1,253,533,785,1.90e-78,307
ASV_9318,MH526698.1,88.189,254,28,2,1,253,176,428,8.85e-77,302
ASV_9318,KY278576.1,88.189,254,28,2,1,253,1,253,8.85e-77,302
ASV_9318,KT284072.1,88.189,254,28,2,1,253,535,787,8.85e-77,302
ASV_9318,PQ551955.1,87.795,254,29,2,1,253,1,253,4.12e-75,296
ASV_9330,KY276872.1,93.676,253,16,0,1,253,1,253,3.97e-100,379
ASV_9330,KY279937.1,92.885,253,18,0,1,253,1,253,8.60e-97,368
ASV_9330,KP554985.1,92.885,253,18,0,1,253,1,253,8.60e-97,368
ASV_9330,KP471916.1,92.857,252,18,0,2,253,2,253,3.09e-96,366
ASV_9330,KP525281.1,92.490,253,19,0,1,253,1,253,4.00e-95,363
ASV_9330,KY278202.1,91.700,253,21,0,1,253,1,253,8.66e-92,351
ASV_9330,KP920055.1,91.732,254,18,3,2,253,2,254,3.12e-91,350
ASV_9330,KY125658.1,91.304,253,20,2,2,253,5,256,1.45e-89,344
ASV_9330,KT913307.1,91.304,253,20,2,2,253,2,253,1.45e-89,344
ASV_9330,KY277842.1,90.119,253,25,0,1,253,1,253,4.06e-85,329
ASV_9349,HQ241817.1,87.843,255,31,0,1,255,485,739,3.21e-76,300
ASV_9349,GQ413901.1,83.529,255,42,0,1,255,195,449,7.10e-58,239
ASV_9349,KC668983.1,83.203,256,41,2,1,255,510,764,3.30e-56,233
ASV_9349,KC668935.1,83.203,256,41,2,1,255,510,764,3.30e-56,233
ASV_9349,GQ413925.1,83.137,255,43,0,1,255,195,449,3.30e-56,233
ASV_9349,OZ255710.1,82.745,255,44,0,1,255,1543264,1543010,1.54e-54,228
ASV_9349,JN505268.1,82.946,258,38,6,1,255,469,723,1.54e-54,228
ASV_9349,KY519778.1,82.879,257,39,5,1,255,177,430,5.53e-54,226
ASV_9349,KY691551.1,80.078,256,48,3,1,255,195,448,2.61e-42,187
ASV_9349,KY281441.1,79.297,256,51,2,1,255,1,255,1.57e-39,178
ASV_9362,KY281573.1,91.700,253,21,0,1,253,1,253,8.66e-92,351
ASV_9362,MF043008.1,91.304,253,22,0,1,253,186,438,4.03e-90,346
ASV_9362,MF042905.1,91.304,253,22,0,1,253,167,419,4.03e-90,346
ASV_9362,MF042880.1,91.304,253,22,0,1,253,186,438,4.03e-90,346
ASV_9362,MF042378.1,91.304,253,22,0,1,253,186,438,4.03e-90,346
ASV_9362,OW763002.1,90.909,253,23,0,1,253,1,253,1.88e-88,340
ASV_9362,GU451519.1,90.945,254,21,2,1,253,402,654,1.88e-88,340
ASV_9362,OW751250.1,90.119,253,25,0,1,253,1,253,4.06e-85,329
ASV_9362,OW751256.1,89.328,253,27,0,1,253,1,253,8.79e-82,318
ASV_9362,OW763003.1,89.200,250,27,0,1,250,1,250,4.09e-80,313
ASV_9364,OW757555.1,89.328,253,27,0,1,253,1,253,8.79e-82,318
ASV_9364,OW757549.1,88.976,254,26,2,1,253,1,253,4.09e-80,313
ASV_9364,OW757548.1,88.976,254,26,2,1,253,1,253,4.09e-80,313
ASV_9364,JN446294.1,88.933,253,28,0,1,253,469,721,4.09e-80,313
ASV_9364,KY279501.1,88.583,254,27,2,1,253,1,253,1.90e-78,307
ASV_9364,OW747837.1,88.538,253,29,0,1,253,1,253,1.90e-78,307
ASV_9364,KF315707.1,88.627,255,25,4,1,253,1,253,1.90e-78,307
ASV_9364,EU885153.1,88.538,253,29,0,1,253,503,755,1.90e-78,307
ASV_9364,KT239278.1,88.845,251,24,4,1,249,552,800,6.84e-78,305
ASV_9364,KJ730105.1,88.583,254,26,3,1,253,395,646,6.84e-78,305
ASV_9405,OW762831.1,93.651,252,16,0,2,253,2,253,1.43e-99,377
ASV_9405,JN837877.1,93.281,253,17,0,1,253,120,372,1.85e-98,374
ASV_9405,JN838215.1,91.700,253,21,0,1,253,120,372,8.66e-92,351
ASV_9405,OW762835.1,88.889,252,28,0,2,253,2,253,1.47e-79,311
ASV_9405,OW762533.1,88.095,252,30,0,2,253,2,253,3.18e-76,300
ASV_9405,OW762819.1,87.698,252,31,0,2,253,2,253,1.48e-74,294
ASV_9405,LC496071.2,87.352,253,30,2,2,253,515,766,6.89e-73,289
ASV_9405,AP019860.1,87.352,253,30,2,2,253,4986167,4986418,6.89e-73,289
ASV_9405,AP019860.1,87.352,253,30,2,2,253,5219532,5219783,6.89e-73,289
ASV_9405,AP019860.1,87.352,253,30,2,2,253,9312797,9313048,6.89e-73,289
ASV_9405,OR886618.1,87.352,253,30,2,2,253,539,790,6.89e-73,289
ASV_9405,KY967052.1,87.549,257,22,10,2,253,150,401,6.89e-73,289
ASV_9408,KY276551.1,96.850,254,8,0,1,254,1,254,5.06e-114,425
ASV_9408,GU584486.1,96.850,254,8,0,1,254,59,312,5.06e-114,425
ASV_9408,KP934558.1,92.520,254,19,0,1,254,1,254,1.12e-95,364
ASV_9408,OW752703.1,92.520,254,19,0,1,254,1,254,1.12e-95,364
ASV_9408,KP934883.1,90.945,254,23,0,1,254,1,254,5.24e-89,342
ASV_9408,OW752706.1,90.551,254,24,0,1,254,1,254,2.44e-87,337
ASV_9408,MN891300.1,90.800,250,23,0,1,250,1,250,8.77e-87,335
ASV_9408,KT975844.1,89.764,254,26,0,1,254,176,429,5.28e-84,326
ASV_9408,KP471861.1,89.764,254,26,0,1,254,1,254,5.28e-84,326
ASV_9408,MF896107.1,90.535,243,23,0,1,243,1,243,6.82e-83,322
ASV_9414,OW752531.1,89.723,253,24,2,2,253,2,253,6.79e-83,322
ASV_9414,KY279713.1,89.370,254,25,2,1,253,1,253,8.79e-82,318
ASV_9414,KY517652.1,89.328,253,25,2,2,253,153,404,3.16e-81,316
ASV_9414,JQ194949.1,88.976,254,26,2,1,253,463,715,4.09e-80,313
ASV_9414,KY517382.1,89.200,250,25,1,6,253,155,404,1.47e-79,311
ASV_9414,KU109331.1,88.933,253,26,2,2,253,2,253,1.47e-79,311
ASV_9414,OW757426.1,88.933,253,26,2,2,253,2,253,1.47e-79,311
ASV_9414,AB294318.1,88.583,254,27,2,1,253,462,714,1.90e-78,307
ASV_9414,KY519860.1,88.538,253,27,2,2,253,153,404,6.84e-78,305
ASV_9414,KY253896.1,88.583,254,25,4,2,253,2,253,6.84e-78,305
ASV_9440,OZ253574.1,91.304,253,22,0,1,253,2408503,2408251,4.03e-90,346
ASV_9440,KY897224.1,88.933,253,28,0,1,253,20,272,4.09e-80,313
ASV_9440,KU332536.1,88.933,253,28,0,1,253,1,253,4.09e-80,313
ASV_9440,KT434745.1,88.933,253,28,0,1,253,1,253,4.09e-80,313
ASV_9440,AB425017.1,89.200,250,27,0,1,250,1,250,4.09e-80,313
ASV_9440,MF691400.1,88.800,250,28,0,1,250,154,403,1.90e-78,307
ASV_9440,MF551644.1,88.800,250,28,0,1,250,1,250,1.90e-78,307
ASV_9440,KU115467.1,88.800,250,28,0,1,250,1,250,1.90e-78,307
ASV_9440,MF949365.1,88.142,253,30,0,1,253,19,271,8.85e-77,302
ASV_9440,MH462730.1,88.000,250,30,0,1,250,152,401,4.12e-75,296
ASV_9451,OQ823034.1,99.209,253,2,0,1,253,1,253,1.78e-123,457
ASV_9451,KX936729.1,98.814,253,3,0,1,253,540,792,8.30e-122,451
ASV_9451,JQ516410.1,98.814,253,3,0,1,253,532,784,8.30e-122,451
ASV_9451,LT720549.1,99.174,242,2,0,1,242,196,437,2.32e-117,436
ASV_9451,LT721541.1,99.174,242,2,0,1,242,196,437,2.32e-117,436
ASV_9451,LT721280.1,99.174,242,2,0,1,242,196,437,2.32e-117,436
ASV_9451,KX013820.1,97.628,253,6,0,1,253,153,405,8.36e-117,435
ASV_9451,GQ350738.1,92.126,254,18,2,1,253,523,775,1.86e-93,357
ASV_9451,GQ350575.1,92.157,255,17,3,1,253,523,776,1.86e-93,357
ASV_9451,GQ347214.1,90.038,261,17,9,1,253,525,784,4.06e-85,329


